campLocation,timestamp,source,destination,user,device,eventType,eventDescription,eventSeverity,mlRiskScore
Bangalore,2023-09-13T01:24,10.1.1.1,172.16.0.20,guest,ServerABC,malware-detection,Malware detected: File 'file910.txt' found on device 'ServerABC',warning,0.37
Bangalore,2023-09-17T23:36,10.1.1.1,172.16.0.20,anonymous,Workstation123,network-disconnected,Device 'Workstation123' disconnected from the network at IP 10.1.1.1,error,0.13
Bangalore,2023-09-18T09:47,84.124.148.119,48.239.159.33,admin,Workstation123,api-called,API called: API2 from IP 84.124.148.119,error,0.73
Bangalore,2023-09-15T23:45,192.168.10.5,10.1.1.2,anonymous,ServerABC,auth-success,Successful login for user 'anonymous' from IP 192.168.10.5,informational,0.1
Bangalore,2023-09-16T07:17,192.168.0.1,172.16.1.101,admin,ServerABC,dns-queries,DNS query from IP 192.168.0.1 for domain 'example341.com',warning,0.17
Bangalore,2023-09-15T08:15,192.168.2.5,172.16.0.20,anonymous,ServerABC,application-usage,User 'anonymous' used application 'App8',error,0.13
Bangalore,2023-09-12T21:48,206.57.151.210,69.168.191.71,user123,DeviceXYZ,application-usage,User 'user123' used application 'App4',error,0.67
Bangalore,2023-09-16T13:15,192.168.10.5,192.168.0.2,admin,DeviceXYZ,software-update,Software update: Software9 updated to version v4,informational,0.27
Bangalore,2023-09-14T17:01,172.16.1.100,10.0.0.101,admin,Workstation123,software-update,Software update: Software7 updated to version v4,error,0.27
Bangalore,2023-09-17T02:35,10.1.1.1,172.16.0.20,admin,ServerABC,api-called,API called: API4 from IP 10.1.1.1,warning,0.2
Bangalore,2023-09-15T20:57,10.0.0.2,192.168.0.3,user123,DeviceXYZ,system-failure,Critical system failure: Error message: 67,error,0.37
Bangalore,2023-09-14T20:50,172.16.0.10,192.168.0.3,anonymous,DeviceXYZ,file-access,File access: Delete to file '/path/to/file11.txt' by user 'anonymous' from IP 172.16.0.10,error,0.23
Bangalore,2023-09-13T11:25,172.16.0.10,192.168.10.6,admin,Workstation123,malware-detection,Malware detected: File 'file30.txt' found on device 'Workstation123',critical,0.37
Bangalore,2023-09-14T18:18,10.0.0.2,192.168.0.3,guest,DeviceXYZ,software-update,Software update: Software5 updated to version v4,error,0.27
Bangalore,2023-09-13T08:10,10.0.0.2,192.168.2.6,user123,ServerABC,dns-queries,DNS query from IP 10.0.0.2 for domain 'example11.com',critical,0.17
Bangalore,2023-09-18T08:09,10.1.1.1,10.0.0.3,admin,Workstation123,auth-lockout,User 'admin' locked out after multiple failed login attempts from IP 10.1.1.1,error,0.37
Bangalore,2023-09-15T16:57,10.0.0.2,10.0.0.3,anonymous,DeviceXYZ,dns-queries,DNS query from IP 10.0.0.2 for domain 'example323.com',critical,0.17
Bangalore,2023-09-17T16:39,192.168.0.1,10.10.10.20,admin,ServerABC,network-connected,Device 'ServerABC' connected to the network at IP 192.168.0.1,informational,0.13
Bangalore,2023-09-18T01:48,172.16.0.10,192.168.2.6,guest,Workstation123,api-called,API called: API4 from IP 172.16.0.10,warning,0.2
Bangalore,2023-09-13T15:10,10.1.1.1,10.0.0.101,anonymous,Workstation123,system-restart,System restart: Reason5,error,0.3
Bangalore,2023-09-18T15:40,192.168.10.5,10.0.0.101,user123,DeviceXYZ,system-failure,Critical system failure: Error message: 2,critical,0.37
Bangalore,2023-09-13T06:05,172.16.0.10,172.16.1.101,user123,ServerABC,auth-lockout,User 'user123' locked out after multiple failed login attempts from IP 172.16.0.10,critical,0.37
Bangalore,2023-09-17T15:30,192.168.0.1,192.168.0.3,admin,ServerABC,system-failure,Critical system failure: Error message: 31,critical,0.37
Bangalore,2023-09-17T12:03,192.168.10.5,10.1.1.2,guest,ServerABC,system-shutdown,System shutdown: Reason7,critical,0.33
Bangalore,2023-09-15T11:47,192.168.10.5,10.10.10.20,anonymous,Workstation123,system-shutdown,System shutdown: Reason7,critical,0.33
Bangalore,2023-09-15T14:52,10.10.10.10,10.0.0.101,user123,Workstation123,malware-detection,Malware detected: File 'file358.txt' found on device 'Workstation123',error,0.37
Bangalore,2023-09-16T03:40,10.0.0.100,10.1.1.2,anonymous,DeviceXYZ,dns-queries,DNS query from IP 10.0.0.100 for domain 'example149.com',informational,0.17
Bangalore,2023-09-13T16:05,10.1.1.1,10.0.0.101,anonymous,DeviceXYZ,auth-failed,Failed login attempt for user 'anonymous' from IP 10.1.1.1,informational,0.33
Bangalore,2023-09-13T16:16,10.0.0.100,10.1.1.2,anonymous,Workstation123,application-usage,User 'anonymous' used application 'App8',warning,0.13
Bangalore,2023-09-14T09:33,9.219.109.30,29.219.62.57,anonymous,Workstation123,system-restart,System restart: Reason4,error,0.83
Bangalore,2023-09-17T19:45,172.16.1.100,192.168.0.3,guest,DeviceXYZ,permission-changes,User 'guest' changed permissions for file '/path/to/file276.txt',critical,0.17
Bangalore,2023-09-12T21:15,192.168.0.1,10.0.0.101,user123,ServerABC,system-shutdown,System shutdown: Reason6,error,0.33
Bangalore,2023-09-12T23:01,47.181.174.137,224.67.95.6,admin,Workstation123,auth-success,Successful login for user 'admin' from IP 47.181.174.137,critical,0.63
Bangalore,2023-09-16T17:11,10.10.10.10,10.0.0.101,anonymous,Workstation123,network-disconnected,Device 'Workstation123' disconnected from the network at IP 10.10.10.10,error,0.13
Bangalore,2023-09-14T18:32,10.0.0.2,10.0.0.3,admin,Workstation123,network-connected,Device 'Workstation123' connected to the network at IP 10.0.0.2,warning,0.13
Bangalore,2023-09-13T15:30,192.168.10.5,192.168.0.2,anonymous,Workstation123,network-connected,Device 'Workstation123' connected to the network at IP 192.168.10.5,warning,0.13
Bangalore,2023-09-18T13:12,10.10.10.10,172.16.1.101,anonymous,ServerABC,application-usage,User 'anonymous' used application 'App7',critical,0.13
Bangalore,2023-09-17T12:46,10.0.0.100,192.168.2.6,anonymous,Workstation123,malware-detection,Malware detected: File 'file612.txt' found on device 'Workstation123',critical,0.37
Bangalore,2023-09-16T14:52,10.0.0.2,10.10.10.20,anonymous,DeviceXYZ,system-shutdown,System shutdown: Reason3,critical,0.33
Bangalore,2023-09-14T22:51,172.16.0.10,172.16.1.101,anonymous,DeviceXYZ,system-failure,Critical system failure: Error message: 64,error,0.37
Bangalore,2023-09-15T21:38,10.0.0.2,192.168.0.3,user123,Workstation123,file-access,File access: Write to file '/path/to/file676.txt' by user 'user123' from IP 10.0.0.2,warning,0.23
Bangalore,2023-09-14T13:38,10.1.1.1,172.16.0.20,anonymous,DeviceXYZ,auth-failed,Failed login attempt for user 'anonymous' from IP 10.1.1.1,informational,0.33
Bangalore,2023-09-13T00:15,192.168.0.1,172.16.0.20,admin,ServerABC,dns-queries,DNS query from IP 192.168.0.1 for domain 'example253.com',warning,0.17
Bangalore,2023-09-14T03:25,192.168.0.1,10.1.1.2,anonymous,ServerABC,auth-lockout,User 'anonymous' locked out after multiple failed login attempts from IP 192.168.0.1,error,0.37
Bangalore,2023-09-16T04:52,10.0.0.2,192.168.10.6,admin,DeviceXYZ,application-usage,User 'admin' used application 'App8',critical,0.13
Bangalore,2023-09-13T11:17,172.16.1.100,192.168.0.3,admin,DeviceXYZ,network-connected,Device 'DeviceXYZ' connected to the network at IP 172.16.1.100,critical,0.13
Bangalore,2023-09-17T04:26,172.16.1.100,192.168.2.6,anonymous,Workstation123,system-restart,System restart: Reason8,informational,0.3
Bangalore,2023-09-16T15:03,10.1.1.1,10.1.1.2,admin,DeviceXYZ,application-errors,Application error: Error message: 61,informational,0.27
Bangalore,2023-09-17T08:15,10.10.10.10,10.0.0.101,admin,ServerABC,application-errors,Application error: Error message: 41,critical,0.27
Bangalore,2023-09-15T06:35,172.16.1.100,172.16.1.101,anonymous,DeviceXYZ,network-connected,Device 'DeviceXYZ' connected to the network at IP 172.16.1.100,warning,0.13
Bangalore,2023-09-14T15:35,172.16.0.10,192.168.0.2,admin,DeviceXYZ,system-shutdown,System shutdown: Reason8,informational,0.33
Bangalore,2023-09-14T11:16,172.16.0.10,10.10.10.20,admin,DeviceXYZ,dns-queries,DNS query from IP 172.16.0.10 for domain 'example526.com',critical,0.17
Bangalore,2023-09-15T18:10,109.165.227.172,114.45.209.78,anonymous,Workstation123,dns-queries,DNS query from IP 109.165.227.172 for domain 'example143.com',warning,0.7
Bangalore,2023-09-12T18:30,192.168.0.1,192.168.2.6,guest,DeviceXYZ,software-update,Software update: Software2 updated to version v3,informational,0.27
Bangalore,2023-09-17T03:35,172.16.1.100,172.16.0.20,user123,ServerABC,network-disconnected,Device 'ServerABC' disconnected from the network at IP 172.16.1.100,critical,0.13
Bangalore,2023-09-17T23:52,172.16.0.10,192.168.2.6,admin,DeviceXYZ,auth-lockout,User 'admin' locked out after multiple failed login attempts from IP 172.16.0.10,informational,0.37
Bangalore,2023-09-15T16:48,10.0.0.2,192.168.0.3,guest,ServerABC,auth-success,Successful login for user 'guest' from IP 10.0.0.2,warning,0.1
Bangalore,2023-09-13T18:11,10.10.10.10,172.16.1.101,admin,DeviceXYZ,malware-detection,Malware detected: File 'file53.txt' found on device 'DeviceXYZ',critical,0.37
Bangalore,2023-09-13T09:26,10.0.0.100,10.10.10.20,user123,ServerABC,system-shutdown,System shutdown: Reason9,error,0.33
Bangalore,2023-09-16T01:12,172.16.1.100,10.1.1.2,admin,Workstation123,application-errors,Application error: Error message: 56,warning,0.27
Bangalore,2023-09-16T16:33,192.168.10.5,10.1.1.2,admin,Workstation123,auth-failed,Failed login attempt for user 'admin' from IP 192.168.10.5,informational,0.33
Bangalore,2023-09-18T14:44,192.168.2.5,10.1.1.2,guest,Workstation123,file-access,File access: Write to file '/path/to/file996.txt' by user 'guest' from IP 192.168.2.5,warning,0.23
Bangalore,2023-09-14T09:22,10.0.0.100,172.16.1.101,admin,ServerABC,system-restart,System restart: Reason9,warning,0.3
Bangalore,2023-09-13T02:24,10.10.10.10,10.0.0.101,admin,ServerABC,auth-lockout,User 'admin' locked out after multiple failed login attempts from IP 10.10.10.10,error,0.37
Bangalore,2023-09-13T09:23,192.168.2.5,192.168.0.2,user123,DeviceXYZ,software-update,Software update: Software7 updated to version v4,error,0.27
Bangalore,2023-09-14T15:18,192.168.10.5,10.10.10.20,guest,Workstation123,dns-queries,DNS query from IP 192.168.10.5 for domain 'example674.com',error,0.17
Bangalore,2023-09-15T05:04,192.168.2.5,172.16.1.101,admin,ServerABC,malware-detection,Malware detected: File 'file564.txt' found on device 'ServerABC',error,0.37
Bangalore,2023-09-17T22:22,192.168.0.1,10.10.10.20,guest,DeviceXYZ,application-usage,User 'guest' used application 'App3',warning,0.13
Bangalore,2023-09-16T16:02,10.0.0.100,10.0.0.101,user123,Workstation123,network-connected,Device 'Workstation123' connected to the network at IP 10.0.0.100,error,0.13
Bangalore,2023-09-13T14:00,10.10.10.10,192.168.0.3,user123,DeviceXYZ,system-failure,Critical system failure: Error message: 90,critical,0.37
Bangalore,2023-09-13T15:31,172.16.1.100,172.16.1.101,anonymous,DeviceXYZ,system-shutdown,System shutdown: Reason8,informational,0.33
Bangalore,2023-09-16T16:28,10.0.0.2,192.168.10.6,admin,ServerABC,auth-lockout,User 'admin' locked out after multiple failed login attempts from IP 10.0.0.2,warning,0.37
Bangalore,2023-09-18T08:13,192.168.2.5,192.168.0.3,user123,ServerABC,system-shutdown,System shutdown: Reason8,error,0.33
Bangalore,2023-09-14T06:59,192.168.10.5,10.0.0.3,anonymous,Workstation123,firewall-change,Firewall rule change: Port 38930 opened for IP 192.168.10.5,warning,0.3
Bangalore,2023-09-15T06:27,63.242.134.112,44.203.122.101,user123,ServerABC,network-disconnected,Device 'ServerABC' disconnected from the network at IP 63.242.134.112,warning,0.67
Bangalore,2023-09-15T19:26,192.168.0.1,10.10.10.20,anonymous,Workstation123,software-update,Software update: Software1 updated to version v2,warning,0.27
Bangalore,2023-09-13T05:15,6.240.241.219,164.76.255.107,anonymous,DeviceXYZ,malware-detection,Malware detected: File 'file598.txt' found on device 'DeviceXYZ',error,0.9
Bangalore,2023-09-15T20:46,172.16.1.100,192.168.10.6,guest,DeviceXYZ,auth-success,Successful login for user 'guest' from IP 172.16.1.100,error,0.1
Bangalore,2023-09-16T20:54,192.168.1.100,172.16.0.20,admin,Workstation123,auth-success,Successful login for user 'admin' from IP 192.168.1.100,warning,0.1
Bangalore,2023-09-14T19:01,172.16.0.10,10.10.10.20,anonymous,ServerABC,software-update,Software update: Software1 updated to version v2,informational,0.27
Bangalore,2023-09-16T16:33,192.168.0.1,10.10.10.20,admin,DeviceXYZ,auth-success,Successful login for user 'admin' from IP 192.168.0.1,informational,0.1
Bangalore,2023-09-14T15:21,10.0.0.100,10.1.1.2,user123,DeviceXYZ,network-connected,Device 'DeviceXYZ' connected to the network at IP 10.0.0.100,informational,0.13
Bangalore,2023-09-12T19:32,172.16.0.10,192.168.0.2,user123,Workstation123,file-access,File access: Write to file '/path/to/file299.txt' by user 'user123' from IP 172.16.0.10,informational,0.23
Bangalore,2023-09-12T15:24,192.168.1.100,10.0.0.101,admin,ServerABC,permission-changes,User 'admin' changed permissions for file '/path/to/file239.txt',critical,0.17
Bangalore,2023-09-14T01:08,192.168.2.5,192.168.0.3,anonymous,DeviceXYZ,application-errors,Application error: Error message: 27,error,0.27
Bangalore,2023-09-15T09:45,192.168.1.100,192.168.0.2,anonymous,DeviceXYZ,network-connected,Device 'DeviceXYZ' connected to the network at IP 192.168.1.100,critical,0.13
Bangalore,2023-09-15T23:24,10.0.0.2,10.10.10.20,guest,Workstation123,auth-success,Successful login for user 'guest' from IP 10.0.0.2,critical,0.1
Bangalore,2023-09-14T14:05,10.0.0.100,172.16.1.101,guest,Workstation123,malware-detection,Malware detected: File 'file42.txt' found on device 'Workstation123',error,0.37
Bangalore,2023-09-15T21:34,10.1.1.1,10.0.0.101,admin,Workstation123,firewall-change,Firewall rule change: Port 18116 opened for IP 10.1.1.1,informational,0.3
Bangalore,2023-09-15T16:03,178.239.159.153,111.191.39.147,user123,ServerABC,system-shutdown,System shutdown: Reason6,error,0.87
Bangalore,2023-09-14T05:17,10.1.1.1,192.168.0.2,admin,ServerABC,auth-lockout,User 'admin' locked out after multiple failed login attempts from IP 10.1.1.1,critical,0.37
Bangalore,2023-09-18T15:34,177.174.103.6,213.246.168.200,anonymous,DeviceXYZ,auth-failed,Failed login attempt for user 'anonymous' from IP 177.174.103.6,error,0.87
Bangalore,2023-09-16T18:01,172.16.0.10,10.1.1.2,anonymous,DeviceXYZ,dns-queries,DNS query from IP 172.16.0.10 for domain 'example977.com',warning,0.17
Bangalore,2023-09-16T15:01,172.16.1.100,10.0.0.101,anonymous,Workstation123,network-disconnected,Device 'Workstation123' disconnected from the network at IP 172.16.1.100,critical,0.13
Bangalore,2023-09-17T10:58,10.1.1.1,10.1.1.2,user123,ServerABC,system-restart,System restart: Reason2,error,0.3
Bangalore,2023-09-17T11:02,10.0.0.100,192.168.0.3,user123,ServerABC,api-called,API called: API5 from IP 10.0.0.100,error,0.2
Bangalore,2023-09-17T08:31,10.0.0.100,10.10.10.20,admin,DeviceXYZ,permission-changes,User 'admin' changed permissions for file '/path/to/file1000.txt',critical,0.17
Bangalore,2023-09-16T10:21,192.168.2.5,192.168.0.2,anonymous,Workstation123,dns-queries,DNS query from IP 192.168.2.5 for domain 'example872.com',warning,0.17
Bangalore,2023-09-15T04:11,50.133.211.2,58.61.32.57,admin,DeviceXYZ,system-shutdown,System shutdown: Reason8,informational,0.87
Bangalore,2023-09-16T06:25,172.16.0.10,172.16.1.101,admin,DeviceXYZ,malware-detection,Malware detected: File 'file212.txt' found on device 'DeviceXYZ',informational,0.37
Bangalore,2023-09-14T18:57,10.0.0.2,10.10.10.20,user123,DeviceXYZ,software-update,Software update: Software10 updated to version v2,error,0.27
Bangalore,2023-09-17T23:48,192.168.1.100,192.168.0.2,anonymous,Workstation123,firewall-change,Firewall rule change: Port 20439 opened for IP 192.168.1.100,informational,0.3
Bangalore,2023-09-16T05:24,192.168.2.5,172.16.0.20,anonymous,DeviceXYZ,malware-detection,Malware detected: File 'file978.txt' found on device 'DeviceXYZ',critical,0.37
Bangalore,2023-09-14T21:33,10.0.0.2,10.0.0.3,anonymous,ServerABC,software-update,Software update: Software10 updated to version v4,informational,0.27
Bangalore,2023-09-14T07:13,192.168.1.100,172.16.1.101,user123,DeviceXYZ,malware-detection,Malware detected: File 'file615.txt' found on device 'DeviceXYZ',informational,0.37
Bangalore,2023-09-17T15:03,172.16.0.10,192.168.10.6,anonymous,DeviceXYZ,software-update,Software update: Software3 updated to version v2,critical,0.27
Bangalore,2023-09-18T13:24,10.0.0.2,192.168.0.2,guest,ServerABC,system-restart,System restart: Reason6,informational,0.3
Bangalore,2023-09-14T06:53,192.168.2.5,192.168.10.6,guest,DeviceXYZ,file-access,File access: Write to file '/path/to/file4.txt' by user 'guest' from IP 192.168.2.5,informational,0.23
Bangalore,2023-09-17T15:57,192.168.10.5,10.10.10.20,guest,Workstation123,file-access,File access: Delete to file '/path/to/file992.txt' by user 'guest' from IP 192.168.10.5,warning,0.23
Bangalore,2023-09-17T00:34,10.10.10.10,10.0.0.101,user123,ServerABC,network-connected,Device 'ServerABC' connected to the network at IP 10.10.10.10,error,0.13
Bangalore,2023-09-12T20:58,10.10.10.10,10.0.0.101,admin,DeviceXYZ,application-errors,Application error: Error message: 69,critical,0.27
Bangalore,2023-09-13T00:43,192.168.1.100,10.0.0.3,user123,ServerABC,auth-lockout,User 'user123' locked out after multiple failed login attempts from IP 192.168.1.100,error,0.37
Bangalore,2023-09-18T09:23,10.0.0.2,192.168.10.6,guest,DeviceXYZ,network-disconnected,Device 'DeviceXYZ' disconnected from the network at IP 10.0.0.2,error,0.13
Bangalore,2023-09-14T12:06,10.0.0.100,192.168.0.2,admin,DeviceXYZ,application-usage,User 'admin' used application 'App4',warning,0.13
Bangalore,2023-09-13T00:38,192.168.1.100,192.168.0.2,guest,DeviceXYZ,system-restart,System restart: Reason4,informational,0.3
Bangalore,2023-09-13T18:51,10.0.0.100,192.168.10.6,admin,DeviceXYZ,permission-changes,User 'admin' changed permissions for file '/path/to/file445.txt',critical,0.17
Bangalore,2023-09-18T06:42,222.38.19.133,148.145.13.131,user123,ServerABC,application-errors,Application error: Error message: 17,error,0.8
Bangalore,2023-09-18T03:24,192.168.0.1,10.1.1.2,user123,Workstation123,api-called,API called: API4 from IP 192.168.0.1,error,0.2
Bangalore,2023-09-15T00:25,192.168.10.5,172.16.1.101,guest,ServerABC,dns-queries,DNS query from IP 192.168.10.5 for domain 'example392.com',informational,0.17
Bangalore,2023-09-16T23:14,192.168.10.5,10.1.1.2,anonymous,ServerABC,api-called,API called: API5 from IP 192.168.10.5,informational,0.2
Bangalore,2023-09-13T21:36,10.0.0.100,10.0.0.101,guest,ServerABC,system-shutdown,System shutdown: Reason3,error,0.33
Bangalore,2023-09-14T13:07,172.16.1.100,192.168.10.6,admin,DeviceXYZ,auth-failed,Failed login attempt for user 'admin' from IP 172.16.1.100,critical,0.33
Bangalore,2023-09-13T09:32,10.10.10.10,192.168.2.6,anonymous,ServerABC,system-restart,System restart: Reason7,critical,0.3
Bangalore,2023-09-17T11:59,10.10.10.10,192.168.0.2,user123,Workstation123,application-errors,Application error: Error message: 13,informational,0.27
Bangalore,2023-09-13T05:05,138.3.13.54,43.136.79.42,anonymous,ServerABC,system-restart,System restart: Reason10,warning,0.83
Bangalore,2023-09-13T08:16,10.10.10.10,172.16.1.101,user123,ServerABC,network-connected,Device 'ServerABC' connected to the network at IP 10.10.10.10,error,0.13
Bangalore,2023-09-13T17:20,10.1.1.1,192.168.0.3,anonymous,ServerABC,api-called,API called: API4 from IP 10.1.1.1,informational,0.2
Bangalore,2023-09-12T15:22,10.1.1.1,192.168.2.6,admin,Workstation123,permission-changes,User 'admin' changed permissions for file '/path/to/file104.txt',informational,0.17
Bangalore,2023-09-14T05:53,10.10.10.10,192.168.0.2,anonymous,Workstation123,firewall-change,Firewall rule change: Port 34516 opened for IP 10.10.10.10,informational,0.3
Bangalore,2023-09-13T19:48,10.1.1.1,172.16.1.101,guest,DeviceXYZ,network-disconnected,Device 'DeviceXYZ' disconnected from the network at IP 10.1.1.1,error,0.13
Bangalore,2023-09-15T01:51,10.0.0.100,192.168.0.3,user123,DeviceXYZ,api-called,API called: API2 from IP 10.0.0.100,critical,0.2
Bangalore,2023-09-13T16:01,192.168.10.5,192.168.2.6,anonymous,DeviceXYZ,file-access,File access: Read to file '/path/to/file898.txt' by user 'anonymous' from IP 192.168.10.5,informational,0.23
Bangalore,2023-09-15T09:11,172.16.0.10,192.168.0.2,admin,Workstation123,permission-changes,User 'admin' changed permissions for file '/path/to/file138.txt',critical,0.17
Bangalore,2023-09-16T12:31,172.16.0.10,10.0.0.101,anonymous,ServerABC,file-access,File access: Read to file '/path/to/file510.txt' by user 'anonymous' from IP 172.16.0.10,informational,0.23
Bangalore,2023-09-16T17:38,10.0.0.100,10.10.10.20,guest,Workstation123,application-errors,Application error: Error message: 81,informational,0.27
Bangalore,2023-09-16T09:15,192.168.1.100,10.10.10.20,admin,DeviceXYZ,network-disconnected,Device 'DeviceXYZ' disconnected from the network at IP 192.168.1.100,warning,0.13
Bangalore,2023-09-16T13:07,192.168.2.5,10.0.0.3,guest,ServerABC,dns-queries,DNS query from IP 192.168.2.5 for domain 'example248.com',warning,0.17
Bangalore,2023-09-13T20:55,192.168.2.5,10.0.0.101,user123,Workstation123,system-restart,System restart: Reason5,critical,0.3
Bangalore,2023-09-16T05:58,192.168.0.1,192.168.0.2,anonymous,ServerABC,api-called,API called: API1 from IP 192.168.0.1,error,0.2
Bangalore,2023-09-14T05:24,192.168.10.5,10.1.1.2,user123,Workstation123,network-disconnected,Device 'Workstation123' disconnected from the network at IP 192.168.10.5,informational,0.13
Bangalore,2023-09-14T10:02,140.137.209.210,205.72.113.35,admin,Workstation123,application-usage,User 'admin' used application 'App5',error,0.67
Bangalore,2023-09-18T08:36,192.168.0.1,192.168.2.6,admin,Workstation123,network-disconnected,Device 'Workstation123' disconnected from the network at IP 192.168.0.1,critical,0.13
Bangalore,2023-09-17T18:33,192.168.0.1,172.16.0.20,anonymous,ServerABC,malware-detection,Malware detected: File 'file488.txt' found on device 'ServerABC',informational,0.37
Bangalore,2023-09-17T00:15,10.0.0.100,10.0.0.3,admin,ServerABC,auth-failed,Failed login attempt for user 'admin' from IP 10.0.0.100,informational,0.33
Bangalore,2023-09-17T17:23,192.168.0.1,192.168.0.2,user123,Workstation123,firewall-change,Firewall rule change: Port 40433 opened for IP 192.168.0.1,warning,0.3
Bangalore,2023-09-17T00:25,172.16.1.100,192.168.0.2,anonymous,Workstation123,system-restart,System restart: Reason6,warning,0.3
Bangalore,2023-09-16T19:58,52.130.27.10,211.171.146.25,admin,ServerABC,firewall-change,Firewall rule change: Port 63168 opened for IP 52.130.27.10,warning,0.83
Bangalore,2023-09-12T18:37,88.67.70.198,238.111.43.108,anonymous,ServerABC,system-restart,System restart: Reason9,critical,0.83
Bangalore,2023-09-16T19:40,192.168.10.5,10.1.1.2,admin,Workstation123,application-usage,User 'admin' used application 'App10',error,0.13
Bangalore,2023-09-15T01:08,10.0.0.100,192.168.2.6,guest,Workstation123,auth-success,Successful login for user 'guest' from IP 10.0.0.100,critical,0.1
Bangalore,2023-09-15T05:52,10.0.0.2,192.168.0.2,admin,DeviceXYZ,auth-success,Successful login for user 'admin' from IP 10.0.0.2,informational,0.1
Bangalore,2023-09-18T00:46,243.45.51.103,58.26.27.142,guest,Workstation123,dns-queries,DNS query from IP 243.45.51.103 for domain 'example94.com',error,0.7
Bangalore,2023-09-16T05:00,172.16.1.100,192.168.0.3,admin,DeviceXYZ,software-update,Software update: Software6 updated to version v3,warning,0.27
Bangalore,2023-09-14T11:17,192.168.0.1,10.1.1.2,user123,Workstation123,api-called,API called: API5 from IP 192.168.0.1,informational,0.2
Bangalore,2023-09-13T05:16,192.168.1.100,10.0.0.3,anonymous,ServerABC,api-called,API called: API5 from IP 192.168.1.100,warning,0.2
Bangalore,2023-09-15T05:30,172.16.1.100,192.168.0.3,anonymous,Workstation123,auth-failed,Failed login attempt for user 'anonymous' from IP 172.16.1.100,informational,0.33
Bangalore,2023-09-14T03:42,192.168.2.5,10.10.10.20,anonymous,DeviceXYZ,file-access,File access: Delete to file '/path/to/file772.txt' by user 'anonymous' from IP 192.168.2.5,critical,0.23
Bangalore,2023-09-13T18:10,172.16.0.10,192.168.2.6,user123,ServerABC,system-failure,Critical system failure: Error message: 72,warning,0.37
Bangalore,2023-09-13T00:05,192.168.0.1,192.168.0.3,admin,DeviceXYZ,network-connected,Device 'DeviceXYZ' connected to the network at IP 192.168.0.1,critical,0.13
Bangalore,2023-09-15T14:46,10.10.10.10,192.168.0.2,admin,DeviceXYZ,auth-lockout,User 'admin' locked out after multiple failed login attempts from IP 10.10.10.10,critical,0.37
Bangalore,2023-09-15T19:09,172.16.1.100,192.168.0.2,user123,ServerABC,network-disconnected,Device 'ServerABC' disconnected from the network at IP 172.16.1.100,critical,0.13
Bangalore,2023-09-14T20:38,172.16.0.10,192.168.0.3,guest,Workstation123,network-disconnected,Device 'Workstation123' disconnected from the network at IP 172.16.0.10,warning,0.13
Bangalore,2023-09-16T13:53,10.1.1.1,192.168.10.6,user123,DeviceXYZ,network-disconnected,Device 'DeviceXYZ' disconnected from the network at IP 10.1.1.1,informational,0.13
Bangalore,2023-09-15T03:28,192.168.2.5,192.168.0.3,guest,DeviceXYZ,malware-detection,Malware detected: File 'file680.txt' found on device 'DeviceXYZ',warning,0.37
Bangalore,2023-09-16T15:49,21.216.189.142,40.86.104.212,admin,ServerABC,dns-queries,DNS query from IP 21.216.189.142 for domain 'example905.com',error,0.7
Bangalore,2023-09-16T14:52,172.16.0.10,10.0.0.101,guest,DeviceXYZ,api-called,API called: API3 from IP 172.16.0.10,informational,0.2
Bangalore,2023-09-17T18:11,192.168.2.5,172.16.0.20,guest,ServerABC,malware-detection,Malware detected: File 'file145.txt' found on device 'ServerABC',critical,0.37
Bangalore,2023-09-18T13:23,172.16.1.100,172.16.0.20,anonymous,ServerABC,dns-queries,DNS query from IP 172.16.1.100 for domain 'example461.com',informational,0.17
Bangalore,2023-09-13T19:55,172.16.1.100,10.10.10.20,admin,DeviceXYZ,network-disconnected,Device 'DeviceXYZ' disconnected from the network at IP 172.16.1.100,informational,0.13
Bangalore,2023-09-16T05:59,192.168.10.5,192.168.10.6,guest,ServerABC,network-connected,Device 'ServerABC' connected to the network at IP 192.168.10.5,informational,0.13
Bangalore,2023-09-12T23:57,172.16.1.100,10.10.10.20,user123,DeviceXYZ,malware-detection,Malware detected: File 'file394.txt' found on device 'DeviceXYZ',informational,0.37
Bangalore,2023-09-17T15:39,192.168.10.5,192.168.10.6,user123,ServerABC,software-update,Software update: Software8 updated to version v4,error,0.27
Bangalore,2023-09-16T15:47,172.16.1.100,172.16.0.20,anonymous,Workstation123,software-update,Software update: Software8 updated to version v4,error,0.27
Bangalore,2023-09-17T02:38,192.168.2.5,172.16.0.20,anonymous,Workstation123,network-connected,Device 'Workstation123' connected to the network at IP 192.168.2.5,error,0.13
Bangalore,2023-09-14T14:10,192.168.2.5,10.0.0.3,guest,DeviceXYZ,system-shutdown,System shutdown: Reason3,warning,0.33
Bangalore,2023-09-16T22:55,192.168.0.1,192.168.2.6,user123,ServerABC,firewall-change,Firewall rule change: Port 48313 opened for IP 192.168.0.1,critical,0.3
Bangalore,2023-09-14T09:54,172.16.1.100,10.0.0.3,guest,Workstation123,api-called,API called: API4 from IP 172.16.1.100,warning,0.2
Bangalore,2023-09-17T17:20,47.45.186.161,163.202.75.224,admin,DeviceXYZ,auth-failed,Failed login attempt for user 'admin' from IP 47.45.186.161,critical,0.87
Bangalore,2023-09-14T12:11,10.0.0.2,192.168.0.2,admin,ServerABC,system-failure,Critical system failure: Error message: 65,error,0.37
Bangalore,2023-09-17T08:11,10.10.10.10,10.1.1.2,anonymous,DeviceXYZ,auth-lockout,User 'anonymous' locked out after multiple failed login attempts from IP 10.10.10.10,error,0.37
Bangalore,2023-09-12T22:04,10.0.0.2,10.10.10.20,user123,DeviceXYZ,application-errors,Application error: Error message: 26,error,0.27
Bangalore,2023-09-12T22:13,192.168.2.5,192.168.0.3,user123,Workstation123,file-access,File access: Read to file '/path/to/file809.txt' by user 'user123' from IP 192.168.2.5,error,0.23
Bangalore,2023-09-15T15:34,10.0.0.100,192.168.0.3,admin,DeviceXYZ,malware-detection,Malware detected: File 'file620.txt' found on device 'DeviceXYZ',error,0.37
Bangalore,2023-09-13T02:21,10.10.10.10,172.16.0.20,user123,Workstation123,file-access,File access: Delete to file '/path/to/file464.txt' by user 'user123' from IP 10.10.10.10,critical,0.23
Bangalore,2023-09-18T00:17,192.168.0.1,10.0.0.101,user123,ServerABC,firewall-change,Firewall rule change: Port 61087 opened for IP 192.168.0.1,warning,0.3
Bangalore,2023-09-17T10:40,172.16.0.10,192.168.10.6,guest,DeviceXYZ,system-shutdown,System shutdown: Reason8,critical,0.33
Bangalore,2023-09-16T01:40,10.0.0.100,192.168.0.3,user123,DeviceXYZ,system-restart,System restart: Reason10,warning,0.3
Bangalore,2023-09-12T16:44,172.16.0.10,10.1.1.2,guest,DeviceXYZ,system-failure,Critical system failure: Error message: 35,error,0.37
Bangalore,2023-09-15T13:56,192.168.0.1,192.168.0.2,user123,Workstation123,firewall-change,Firewall rule change: Port 14402 opened for IP 192.168.0.1,warning,0.3
Bangalore,2023-09-14T18:40,159.134.65.70,103.51.11.119,anonymous,DeviceXYZ,api-called,API called: API3 from IP 159.134.65.70,critical,0.73
Bangalore,2023-09-15T14:04,192.168.10.5,172.16.0.20,anonymous,Workstation123,network-disconnected,Device 'Workstation123' disconnected from the network at IP 192.168.10.5,critical,0.13
Bangalore,2023-09-17T08:34,10.0.0.2,10.1.1.2,anonymous,Workstation123,network-connected,Device 'Workstation123' connected to the network at IP 10.0.0.2,critical,0.13
Bangalore,2023-09-16T18:26,192.168.0.1,10.0.0.3,user123,Workstation123,dns-queries,DNS query from IP 192.168.0.1 for domain 'example970.com',informational,0.17
Bangalore,2023-09-16T03:20,192.168.2.5,10.0.0.101,user123,DeviceXYZ,system-restart,System restart: Reason7,warning,0.3
Bangalore,2023-09-15T23:09,97.63.225.187,131.131.190.69,guest,Workstation123,auth-failed,Failed login attempt for user 'guest' from IP 97.63.225.187,error,0.87
Bangalore,2023-09-15T01:57,10.1.1.1,192.168.0.2,anonymous,Workstation123,firewall-change,Firewall rule change: Port 51931 opened for IP 10.1.1.1,warning,0.3
Bangalore,2023-09-18T15:42,10.0.0.100,172.16.0.20,guest,ServerABC,file-access,File access: Delete to file '/path/to/file922.txt' by user 'guest' from IP 10.0.0.100,informational,0.23
Bangalore,2023-09-14T22:56,172.16.0.10,192.168.2.6,anonymous,DeviceXYZ,dns-queries,DNS query from IP 172.16.0.10 for domain 'example252.com',critical,0.17
Bangalore,2023-09-18T11:54,172.16.1.100,10.0.0.101,admin,DeviceXYZ,file-access,File access: Write to file '/path/to/file389.txt' by user 'admin' from IP 172.16.1.100,critical,0.23
Bangalore,2023-09-15T07:02,10.10.10.10,192.168.0.3,user123,ServerABC,firewall-change,Firewall rule change: Port 48997 opened for IP 10.10.10.10,informational,0.3
Bangalore,2023-09-16T15:06,192.168.1.100,10.10.10.20,anonymous,Workstation123,system-restart,System restart: Reason8,critical,0.3
Bangalore,2023-09-14T01:06,192.168.10.5,192.168.0.3,anonymous,Workstation123,firewall-change,Firewall rule change: Port 23616 opened for IP 192.168.10.5,informational,0.3
Bangalore,2023-09-17T03:25,10.10.10.10,172.16.0.20,user123,DeviceXYZ,auth-failed,Failed login attempt for user 'user123' from IP 10.10.10.10,warning,0.33
Bangalore,2023-09-18T01:50,192.168.2.5,192.168.10.6,admin,Workstation123,file-access,File access: Delete to file '/path/to/file418.txt' by user 'admin' from IP 192.168.2.5,informational,0.23
Bangalore,2023-09-13T11:28,172.16.1.100,10.10.10.20,user123,ServerABC,malware-detection,Malware detected: File 'file253.txt' found on device 'ServerABC',informational,0.37
Bangalore,2023-09-13T23:27,192.168.2.5,192.168.10.6,anonymous,DeviceXYZ,auth-success,Successful login for user 'anonymous' from IP 192.168.2.5,warning,0.1
Bangalore,2023-09-14T01:43,172.16.1.100,172.16.1.101,admin,DeviceXYZ,system-shutdown,System shutdown: Reason3,warning,0.33
Bangalore,2023-09-14T12:00,192.168.0.1,10.1.1.2,admin,Workstation123,auth-lockout,User 'admin' locked out after multiple failed login attempts from IP 192.168.0.1,error,0.37
Bangalore,2023-09-17T21:19,10.0.0.100,172.16.1.101,user123,DeviceXYZ,permission-changes,User 'user123' changed permissions for file '/path/to/file234.txt',critical,0.17
Bangalore,2023-09-15T00:19,172.16.0.10,192.168.0.3,user123,ServerABC,permission-changes,User 'user123' changed permissions for file '/path/to/file613.txt',informational,0.17
Bangalore,2023-09-15T21:33,10.1.1.1,192.168.2.6,guest,DeviceXYZ,system-failure,Critical system failure: Error message: 70,informational,0.37
Bangalore,2023-09-13T02:19,10.10.10.10,192.168.0.3,admin,Workstation123,permission-changes,User 'admin' changed permissions for file '/path/to/file509.txt',informational,0.17
Bangalore,2023-09-15T05:39,192.168.1.100,192.168.0.3,anonymous,Workstation123,malware-detection,Malware detected: File 'file390.txt' found on device 'Workstation123',critical,0.37
Bangalore,2023-09-14T17:42,192.168.1.100,192.168.10.6,admin,ServerABC,auth-failed,Failed login attempt for user 'admin' from IP 192.168.1.100,critical,0.33
Bangalore,2023-09-12T19:36,171.21.160.235,62.250.150.254,user123,ServerABC,network-disconnected,Device 'ServerABC' disconnected from the network at IP 171.21.160.235,error,0.67
Bangalore,2023-09-18T08:58,10.10.10.10,10.0.0.3,admin,Workstation123,api-called,API called: API3 from IP 10.10.10.10,informational,0.2
Bangalore,2023-09-15T05:05,172.16.0.10,10.10.10.20,guest,ServerABC,system-failure,Critical system failure: Error message: 70,informational,0.37
Bangalore,2023-09-18T08:31,10.10.10.10,192.168.0.3,guest,ServerABC,dns-queries,DNS query from IP 10.10.10.10 for domain 'example354.com',warning,0.17
Bangalore,2023-09-12T16:47,10.1.1.1,192.168.0.3,admin,DeviceXYZ,dns-queries,DNS query from IP 10.1.1.1 for domain 'example211.com',informational,0.17
Bangalore,2023-09-12T17:21,10.0.0.100,10.1.1.2,guest,Workstation123,system-restart,System restart: Reason7,critical,0.3
Bangalore,2023-09-17T15:44,124.24.165.207,22.45.34.80,admin,DeviceXYZ,dns-queries,DNS query from IP 124.24.165.207 for domain 'example447.com',informational,0.7
Bangalore,2023-09-14T00:35,172.16.1.100,192.168.2.6,anonymous,Workstation123,permission-changes,User 'anonymous' changed permissions for file '/path/to/file735.txt',warning,0.17
Bangalore,2023-09-14T15:35,10.1.1.1,192.168.2.6,guest,Workstation123,application-errors,Application error: Error message: 1,informational,0.27
Bangalore,2023-09-16T16:43,118.122.95.15,72.104.152.85,user123,ServerABC,software-update,Software update: Software3 updated to version v2,error,0.8
Bangalore,2023-09-17T20:36,192.168.2.5,172.16.1.101,user123,Workstation123,application-usage,User 'user123' used application 'App4',critical,0.13
Bangalore,2023-09-17T11:30,97.132.127.116,11.57.103.132,admin,ServerABC,malware-detection,Malware detected: File 'file456.txt' found on device 'ServerABC',critical,0.9
Bangalore,2023-09-17T05:01,192.168.10.5,10.1.1.2,admin,DeviceXYZ,malware-detection,Malware detected: File 'file990.txt' found on device 'DeviceXYZ',warning,0.37
Bangalore,2023-09-18T06:51,10.1.1.1,192.168.0.2,user123,ServerABC,permission-changes,User 'user123' changed permissions for file '/path/to/file574.txt',informational,0.17
Bangalore,2023-09-17T19:40,128.192.155.13,128.45.119.78,admin,DeviceXYZ,network-disconnected,Device 'DeviceXYZ' disconnected from the network at IP 128.192.155.13,critical,0.67
Bangalore,2023-09-15T15:02,192.168.2.5,10.1.1.2,guest,ServerABC,system-failure,Critical system failure: Error message: 4,critical,0.37
Bangalore,2023-09-14T06:27,172.16.0.10,192.168.0.2,user123,Workstation123,system-restart,System restart: Reason1,informational,0.3
Bangalore,2023-09-17T09:22,10.1.1.1,10.0.0.101,user123,DeviceXYZ,auth-success,Successful login for user 'user123' from IP 10.1.1.1,error,0.1
Bangalore,2023-09-14T21:47,192.168.1.100,192.168.2.6,anonymous,Workstation123,system-restart,System restart: Reason1,critical,0.3
Bangalore,2023-09-18T03:10,10.10.10.10,192.168.0.3,admin,DeviceXYZ,network-disconnected,Device 'DeviceXYZ' disconnected from the network at IP 10.10.10.10,critical,0.13
Bangalore,2023-09-17T06:03,192.168.10.5,10.1.1.2,anonymous,DeviceXYZ,software-update,Software update: Software9 updated to version v2,critical,0.27
Bangalore,2023-09-16T13:02,192.168.0.1,10.10.10.20,guest,ServerABC,auth-success,Successful login for user 'guest' from IP 192.168.0.1,informational,0.1
Bangalore,2023-09-18T15:42,10.0.0.100,172.16.0.20,guest,DeviceXYZ,dns-queries,DNS query from IP 10.0.0.100 for domain 'example64.com',critical,0.17
Bangalore,2023-09-16T23:57,192.168.1.100,192.168.0.3,admin,DeviceXYZ,software-update,Software update: Software5 updated to version v2,critical,0.27
Bangalore,2023-09-14T08:23,10.0.0.2,192.168.0.2,user123,Workstation123,permission-changes,User 'user123' changed permissions for file '/path/to/file922.txt',informational,0.17
Bangalore,2023-09-15T22:06,192.168.1.100,192.168.0.2,anonymous,Workstation123,system-restart,System restart: Reason7,critical,0.3
Bangalore,2023-09-16T11:40,10.0.0.2,172.16.1.101,admin,DeviceXYZ,permission-changes,User 'admin' changed permissions for file '/path/to/file807.txt',warning,0.17
Bangalore,2023-09-12T20:58,10.10.10.10,172.16.1.101,anonymous,DeviceXYZ,application-usage,User 'anonymous' used application 'App3',critical,0.13
Bangalore,2023-09-17T11:26,46.84.102.103,175.114.16.217,admin,ServerABC,auth-success,Successful login for user 'admin' from IP 46.84.102.103,warning,0.63
Bangalore,2023-09-17T17:38,172.16.0.10,192.168.0.2,anonymous,DeviceXYZ,auth-failed,Failed login attempt for user 'anonymous' from IP 172.16.0.10,informational,0.33
Bangalore,2023-09-14T06:23,172.16.0.10,192.168.0.3,guest,DeviceXYZ,application-usage,User 'guest' used application 'App9',warning,0.13
Bangalore,2023-09-15T20:12,172.16.1.100,192.168.0.3,user123,ServerABC,network-disconnected,Device 'ServerABC' disconnected from the network at IP 172.16.1.100,critical,0.13
Bangalore,2023-09-13T05:44,10.0.0.2,10.10.10.20,anonymous,DeviceXYZ,api-called,API called: API5 from IP 10.0.0.2,warning,0.2
Bangalore,2023-09-15T17:43,104.209.205.134,68.128.93.205,anonymous,ServerABC,dns-queries,DNS query from IP 104.209.205.134 for domain 'example297.com',error,0.7
Bangalore,2023-09-14T06:12,10.1.1.1,10.0.0.101,anonymous,ServerABC,permission-changes,User 'anonymous' changed permissions for file '/path/to/file90.txt',informational,0.17
Bangalore,2023-09-14T21:37,192.168.0.1,172.16.0.20,user123,ServerABC,firewall-change,Firewall rule change: Port 43991 opened for IP 192.168.0.1,error,0.3
Bangalore,2023-09-17T05:09,172.16.1.100,10.10.10.20,admin,ServerABC,auth-failed,Failed login attempt for user 'admin' from IP 172.16.1.100,warning,0.33
Bangalore,2023-09-16T11:19,10.1.1.1,192.168.10.6,admin,DeviceXYZ,auth-failed,Failed login attempt for user 'admin' from IP 10.1.1.1,error,0.33
Bangalore,2023-09-14T17:57,192.168.10.5,10.0.0.101,guest,ServerABC,file-access,File access: Delete to file '/path/to/file225.txt' by user 'guest' from IP 192.168.10.5,critical,0.23
Bangalore,2023-09-13T00:31,10.10.10.10,10.1.1.2,anonymous,DeviceXYZ,auth-lockout,User 'anonymous' locked out after multiple failed login attempts from IP 10.10.10.10,warning,0.37
Bangalore,2023-09-16T14:27,192.168.0.1,10.10.10.20,admin,Workstation123,system-shutdown,System shutdown: Reason8,warning,0.33
Bangalore,2023-09-18T11:32,10.1.1.1,192.168.0.2,guest,DeviceXYZ,auth-lockout,User 'guest' locked out after multiple failed login attempts from IP 10.1.1.1,informational,0.37
Bangalore,2023-09-17T19:34,10.10.10.10,10.0.0.101,user123,ServerABC,auth-failed,Failed login attempt for user 'user123' from IP 10.10.10.10,informational,0.33
Bangalore,2023-09-16T23:33,10.0.0.2,192.168.2.6,user123,DeviceXYZ,auth-failed,Failed login attempt for user 'user123' from IP 10.0.0.2,critical,0.33
Bangalore,2023-09-16T15:05,10.10.10.10,10.0.0.3,admin,ServerABC,malware-detection,Malware detected: File 'file495.txt' found on device 'ServerABC',error,0.37
Bangalore,2023-09-17T00:11,192.168.1.100,192.168.0.2,admin,ServerABC,system-failure,Critical system failure: Error message: 58,informational,0.37
Bangalore,2023-09-14T13:47,192.168.0.1,192.168.0.3,admin,Workstation123,system-shutdown,System shutdown: Reason5,informational,0.33
Bangalore,2023-09-13T01:35,192.168.10.5,10.0.0.3,guest,ServerABC,system-restart,System restart: Reason10,critical,0.3
Bangalore,2023-09-17T22:11,192.168.2.5,192.168.10.6,guest,DeviceXYZ,auth-lockout,User 'guest' locked out after multiple failed login attempts from IP 192.168.2.5,error,0.37
Bangalore,2023-09-14T11:07,10.0.0.2,10.1.1.2,guest,DeviceXYZ,network-disconnected,Device 'DeviceXYZ' disconnected from the network at IP 10.0.0.2,error,0.13
Bangalore,2023-09-17T03:46,10.10.10.10,192.168.2.6,user123,Workstation123,system-shutdown,System shutdown: Reason6,critical,0.33
Bangalore,2023-09-17T19:00,172.16.1.100,10.0.0.101,user123,DeviceXYZ,auth-failed,Failed login attempt for user 'user123' from IP 172.16.1.100,error,0.33
Bangalore,2023-09-14T10:13,192.168.1.100,192.168.0.2,admin,ServerABC,software-update,Software update: Software8 updated to version v2,warning,0.27
Bangalore,2023-09-17T05:33,192.168.10.5,192.168.0.2,guest,ServerABC,malware-detection,Malware detected: File 'file761.txt' found on device 'ServerABC',critical,0.37
Bangalore,2023-09-17T21:52,192.168.10.5,192.168.2.6,guest,ServerABC,firewall-change,Firewall rule change: Port 55138 opened for IP 192.168.10.5,warning,0.3
Bangalore,2023-09-15T22:28,192.168.1.100,192.168.0.2,user123,Workstation123,auth-success,Successful login for user 'user123' from IP 192.168.1.100,warning,0.1
Bangalore,2023-09-14T02:49,172.16.1.100,10.10.10.20,admin,DeviceXYZ,api-called,API called: API3 from IP 172.16.1.100,critical,0.2
Bangalore,2023-09-14T20:33,192.168.10.5,10.1.1.2,admin,Workstation123,file-access,File access: Write to file '/path/to/file353.txt' by user 'admin' from IP 192.168.10.5,critical,0.23
Bangalore,2023-09-18T11:27,10.10.10.10,10.10.10.20,guest,Workstation123,system-restart,System restart: Reason3,critical,0.3
Bangalore,2023-09-15T11:24,172.16.1.100,172.16.1.101,user123,ServerABC,permission-changes,User 'user123' changed permissions for file '/path/to/file73.txt',error,0.17
Bangalore,2023-09-17T15:19,229.203.150.110,86.137.192.204,guest,ServerABC,system-shutdown,System shutdown: Reason10,critical,0.87
Bangalore,2023-09-16T15:58,192.168.1.100,192.168.10.6,admin,ServerABC,system-failure,Critical system failure: Error message: 56,error,0.37
Bangalore,2023-09-16T12:28,172.16.0.10,192.168.2.6,anonymous,Workstation123,network-disconnected,Device 'Workstation123' disconnected from the network at IP 172.16.0.10,warning,0.13
Bangalore,2023-09-17T01:00,10.0.0.100,192.168.0.3,anonymous,Workstation123,auth-success,Successful login for user 'anonymous' from IP 10.0.0.100,critical,0.1
Bangalore,2023-09-18T01:05,172.16.0.10,172.16.0.20,guest,Workstation123,application-errors,Application error: Error message: 92,error,0.27
Bangalore,2023-09-16T21:11,10.0.0.2,192.168.0.2,anonymous,DeviceXYZ,network-disconnected,Device 'DeviceXYZ' disconnected from the network at IP 10.0.0.2,critical,0.13
Bangalore,2023-09-16T23:24,192.168.2.5,10.0.0.101,guest,Workstation123,dns-queries,DNS query from IP 192.168.2.5 for domain 'example22.com',informational,0.17
Bangalore,2023-09-13T21:00,10.1.1.1,172.16.0.20,user123,DeviceXYZ,system-failure,Critical system failure: Error message: 23,informational,0.37
Bangalore,2023-09-14T18:42,10.10.10.10,172.16.1.101,guest,ServerABC,auth-lockout,User 'guest' locked out after multiple failed login attempts from IP 10.10.10.10,critical,0.37
Bangalore,2023-09-15T05:19,192.168.1.100,192.168.10.6,admin,DeviceXYZ,permission-changes,User 'admin' changed permissions for file '/path/to/file365.txt',error,0.17
Bangalore,2023-09-16T12:47,192.168.1.100,192.168.0.2,anonymous,ServerABC,dns-queries,DNS query from IP 192.168.1.100 for domain 'example416.com',critical,0.17
Bangalore,2023-09-17T02:04,10.1.1.1,192.168.2.6,admin,ServerABC,system-shutdown,System shutdown: Reason3,error,0.33
Bangalore,2023-09-17T10:29,192.168.1.100,172.16.1.101,user123,ServerABC,auth-success,Successful login for user 'user123' from IP 192.168.1.100,critical,0.1
Bangalore,2023-09-16T03:32,192.168.1.100,172.16.1.101,anonymous,Workstation123,system-restart,System restart: Reason9,critical,0.3
Bangalore,2023-09-13T00:57,192.168.10.5,10.0.0.3,anonymous,Workstation123,network-disconnected,Device 'Workstation123' disconnected from the network at IP 192.168.10.5,error,0.13
Bangalore,2023-09-16T22:59,10.0.0.100,192.168.2.6,user123,DeviceXYZ,system-restart,System restart: Reason4,warning,0.3
Bangalore,2023-09-14T02:05,10.10.10.10,192.168.0.3,anonymous,ServerABC,application-errors,Application error: Error message: 33,informational,0.27
Bangalore,2023-09-12T17:46,10.10.10.10,10.0.0.101,admin,ServerABC,file-access,File access: Read to file '/path/to/file718.txt' by user 'admin' from IP 10.10.10.10,warning,0.23
Bangalore,2023-09-17T01:00,10.10.10.10,172.16.0.20,user123,DeviceXYZ,system-failure,Critical system failure: Error message: 71,error,0.37
Bangalore,2023-09-12T15:57,172.16.0.10,172.16.0.20,admin,ServerABC,network-connected,Device 'ServerABC' connected to the network at IP 172.16.0.10,informational,0.13
Bangalore,2023-09-16T13:28,192.168.2.5,10.0.0.101,anonymous,ServerABC,auth-failed,Failed login attempt for user 'anonymous' from IP 192.168.2.5,informational,0.33
Bangalore,2023-09-16T17:50,10.1.1.1,10.0.0.3,guest,ServerABC,auth-lockout,User 'guest' locked out after multiple failed login attempts from IP 10.1.1.1,informational,0.37
Bangalore,2023-09-15T06:22,10.0.0.2,10.1.1.2,user123,ServerABC,application-usage,User 'user123' used application 'App9',error,0.13
Bangalore,2023-09-17T13:41,192.168.10.5,172.16.1.101,anonymous,ServerABC,auth-success,Successful login for user 'anonymous' from IP 192.168.10.5,critical,0.1
Bangalore,2023-09-14T18:26,192.168.10.5,10.0.0.101,guest,Workstation123,network-disconnected,Device 'Workstation123' disconnected from the network at IP 192.168.10.5,informational,0.13
Bangalore,2023-09-13T00:51,10.1.1.1,172.16.0.20,anonymous,ServerABC,network-connected,Device 'ServerABC' connected to the network at IP 10.1.1.1,warning,0.13
Bangalore,2023-09-17T14:30,172.16.1.100,192.168.0.2,anonymous,Workstation123,malware-detection,Malware detected: File 'file844.txt' found on device 'Workstation123',critical,0.37
Bangalore,2023-09-16T14:37,172.16.1.100,192.168.0.3,admin,DeviceXYZ,auth-lockout,User 'admin' locked out after multiple failed login attempts from IP 172.16.1.100,informational,0.37
Bangalore,2023-09-14T12:14,192.168.10.5,172.16.1.101,guest,ServerABC,file-access,File access: Delete to file '/path/to/file870.txt' by user 'guest' from IP 192.168.10.5,warning,0.23
Bangalore,2023-09-16T20:15,192.168.1.100,10.0.0.101,user123,ServerABC,software-update,Software update: Software8 updated to version v4,error,0.27
Bangalore,2023-09-14T09:57,192.168.2.5,10.1.1.2,user123,DeviceXYZ,network-connected,Device 'DeviceXYZ' connected to the network at IP 192.168.2.5,warning,0.13
Bangalore,2023-09-18T05:37,10.1.1.1,172.16.0.20,anonymous,Workstation123,auth-success,Successful login for user 'anonymous' from IP 10.1.1.1,critical,0.1
Bangalore,2023-09-13T20:56,192.168.10.5,192.168.0.3,admin,DeviceXYZ,software-update,Software update: Software7 updated to version v2,error,0.27
Bangalore,2023-09-13T22:50,192.168.10.5,10.1.1.2,anonymous,DeviceXYZ,dns-queries,DNS query from IP 192.168.10.5 for domain 'example945.com',informational,0.17
Bangalore,2023-09-12T19:01,192.168.0.1,172.16.1.101,user123,DeviceXYZ,network-connected,Device 'DeviceXYZ' connected to the network at IP 192.168.0.1,error,0.13
Bangalore,2023-09-16T23:58,192.168.10.5,10.0.0.101,user123,DeviceXYZ,auth-failed,Failed login attempt for user 'user123' from IP 192.168.10.5,critical,0.33
Bangalore,2023-09-16T05:05,192.168.0.1,10.0.0.101,admin,ServerABC,system-shutdown,System shutdown: Reason6,informational,0.33
Bangalore,2023-09-12T19:41,192.168.1.100,172.16.0.20,anonymous,DeviceXYZ,firewall-change,Firewall rule change: Port 335 opened for IP 192.168.1.100,error,0.3
Bangalore,2023-09-15T08:38,172.16.1.100,10.10.10.20,admin,DeviceXYZ,dns-queries,DNS query from IP 172.16.1.100 for domain 'example285.com',informational,0.17
Bangalore,2023-09-13T22:48,192.168.0.1,10.0.0.101,anonymous,Workstation123,software-update,Software update: Software8 updated to version v3,warning,0.27
Bangalore,2023-09-17T11:13,192.168.10.5,10.0.0.101,guest,Workstation123,api-called,API called: API5 from IP 192.168.10.5,error,0.2
Bangalore,2023-09-13T11:52,54.254.80.199,143.63.19.73,guest,ServerABC,file-access,File access: Delete to file '/path/to/file850.txt' by user 'guest' from IP 54.254.80.199,informational,0.77
Bangalore,2023-09-13T19:40,76.255.108.146,108.14.29.238,user123,ServerABC,system-failure,Critical system failure: Error message: 12,error,0.9
Bangalore,2023-09-14T15:34,192.168.1.100,192.168.0.3,user123,Workstation123,dns-queries,DNS query from IP 192.168.1.100 for domain 'example806.com',critical,0.17
Bangalore,2023-09-14T09:19,192.168.2.5,192.168.0.3,anonymous,ServerABC,system-shutdown,System shutdown: Reason4,error,0.33
Bangalore,2023-09-16T07:18,172.16.1.100,10.0.0.101,admin,ServerABC,malware-detection,Malware detected: File 'file757.txt' found on device 'ServerABC',warning,0.37
Bangalore,2023-09-15T19:27,172.16.1.100,192.168.0.3,user123,ServerABC,auth-failed,Failed login attempt for user 'user123' from IP 172.16.1.100,informational,0.33
Bangalore,2023-09-17T04:36,138.82.185.189,232.28.121.92,user123,Workstation123,dns-queries,DNS query from IP 138.82.185.189 for domain 'example506.com',error,0.7
Bangalore,2023-09-17T13:06,10.0.0.100,10.10.10.20,anonymous,DeviceXYZ,malware-detection,Malware detected: File 'file931.txt' found on device 'DeviceXYZ',informational,0.37
Bangalore,2023-09-16T05:44,192.168.1.100,172.16.0.20,admin,ServerABC,application-usage,User 'admin' used application 'App2',error,0.13
Bangalore,2023-09-14T14:05,10.10.10.10,172.16.0.20,admin,DeviceXYZ,api-called,API called: API1 from IP 10.10.10.10,warning,0.2
Bangalore,2023-09-14T14:54,10.0.0.100,10.10.10.20,user123,DeviceXYZ,file-access,File access: Delete to file '/path/to/file577.txt' by user 'user123' from IP 10.0.0.100,error,0.23
Bangalore,2023-09-12T15:07,192.168.2.5,192.168.10.6,admin,ServerABC,system-restart,System restart: Reason3,error,0.3
Bangalore,2023-09-17T21:02,192.168.10.5,10.0.0.101,admin,ServerABC,auth-lockout,User 'admin' locked out after multiple failed login attempts from IP 192.168.10.5,informational,0.37
Bangalore,2023-09-15T17:59,172.16.0.10,10.0.0.3,user123,Workstation123,auth-success,Successful login for user 'user123' from IP 172.16.0.10,critical,0.1
Bangalore,2023-09-15T13:48,172.16.1.100,192.168.0.3,admin,Workstation123,application-usage,User 'admin' used application 'App9',critical,0.13
Bangalore,2023-09-17T02:11,192.168.2.5,10.1.1.2,user123,ServerABC,application-usage,User 'user123' used application 'App7',critical,0.13
Bangalore,2023-09-12T16:35,192.168.1.100,10.10.10.20,admin,ServerABC,firewall-change,Firewall rule change: Port 51353 opened for IP 192.168.1.100,critical,0.3
Bangalore,2023-09-17T10:59,172.16.1.100,192.168.0.2,user123,ServerABC,file-access,File access: Delete to file '/path/to/file427.txt' by user 'user123' from IP 172.16.1.100,critical,0.23
Bangalore,2023-09-17T14:51,10.0.0.2,192.168.2.6,admin,DeviceXYZ,dns-queries,DNS query from IP 10.0.0.2 for domain 'example317.com',error,0.17
Bangalore,2023-09-13T22:25,10.0.0.100,10.10.10.20,guest,DeviceXYZ,software-update,Software update: Software6 updated to version v5,critical,0.27
Bangalore,2023-09-18T06:52,192.168.1.100,172.16.0.20,anonymous,DeviceXYZ,system-restart,System restart: Reason6,error,0.3
Bangalore,2023-09-15T11:35,192.168.2.5,172.16.0.20,guest,DeviceXYZ,system-restart,System restart: Reason2,informational,0.3
Bangalore,2023-09-14T02:13,10.1.1.1,10.0.0.101,guest,ServerABC,software-update,Software update: Software10 updated to version v5,informational,0.27
Bangalore,2023-09-14T07:06,192.168.10.5,10.10.10.20,user123,Workstation123,system-shutdown,System shutdown: Reason2,critical,0.33
Bangalore,2023-09-15T04:37,10.0.0.2,192.168.0.2,anonymous,DeviceXYZ,malware-detection,Malware detected: File 'file655.txt' found on device 'DeviceXYZ',warning,0.37
Bangalore,2023-09-12T15:58,172.16.0.10,192.168.2.6,guest,ServerABC,malware-detection,Malware detected: File 'file131.txt' found on device 'ServerABC',error,0.37
Bangalore,2023-09-15T08:26,10.0.0.2,192.168.10.6,anonymous,ServerABC,api-called,API called: API1 from IP 10.0.0.2,warning,0.2
Bangalore,2023-09-17T21:47,192.168.2.5,10.1.1.2,user123,ServerABC,system-failure,Critical system failure: Error message: 10,critical,0.37
Bangalore,2023-09-16T00:00,10.0.0.100,192.168.2.6,user123,DeviceXYZ,application-usage,User 'user123' used application 'App9',informational,0.13
Bangalore,2023-09-18T13:49,192.168.1.100,192.168.0.2,admin,ServerABC,dns-queries,DNS query from IP 192.168.1.100 for domain 'example261.com',warning,0.17
Bangalore,2023-09-16T17:53,10.10.10.10,192.168.2.6,admin,Workstation123,permission-changes,User 'admin' changed permissions for file '/path/to/file513.txt',warning,0.17
Bangalore,2023-09-13T23:56,192.168.2.5,192.168.0.2,guest,DeviceXYZ,api-called,API called: API2 from IP 192.168.2.5,error,0.2
Bangalore,2023-09-14T16:47,10.1.1.1,10.0.0.101,guest,Workstation123,dns-queries,DNS query from IP 10.1.1.1 for domain 'example922.com',informational,0.17
Bangalore,2023-09-15T03:19,10.0.0.2,192.168.0.2,admin,Workstation123,software-update,Software update: Software2 updated to version v1,critical,0.27
Bangalore,2023-09-17T13:29,192.168.2.5,10.1.1.2,anonymous,Workstation123,auth-lockout,User 'anonymous' locked out after multiple failed login attempts from IP 192.168.2.5,critical,0.37
Bangalore,2023-09-17T21:15,172.16.0.10,192.168.0.2,anonymous,DeviceXYZ,system-failure,Critical system failure: Error message: 4,error,0.37
Bangalore,2023-09-17T11:55,10.0.0.100,172.16.1.101,user123,Workstation123,network-connected,Device 'Workstation123' connected to the network at IP 10.0.0.100,error,0.13
Bangalore,2023-09-14T06:48,10.1.1.1,192.168.0.3,anonymous,ServerABC,system-failure,Critical system failure: Error message: 75,error,0.37
Bangalore,2023-09-15T12:37,204.249.230.17,101.156.172.202,anonymous,Workstation123,application-errors,Application error: Error message: 12,critical,0.8
Bangalore,2023-09-13T23:30,172.16.0.10,192.168.2.6,anonymous,Workstation123,application-errors,Application error: Error message: 25,informational,0.27
Bangalore,2023-09-18T13:22,172.16.0.10,192.168.0.3,anonymous,ServerABC,auth-failed,Failed login attempt for user 'anonymous' from IP 172.16.0.10,error,0.33
Bangalore,2023-09-14T07:00,10.0.0.2,192.168.10.6,admin,Workstation123,auth-failed,Failed login attempt for user 'admin' from IP 10.0.0.2,critical,0.33
Bangalore,2023-09-13T02:20,10.0.0.2,10.10.10.20,anonymous,DeviceXYZ,system-failure,Critical system failure: Error message: 53,warning,0.37
Bangalore,2023-09-13T13:40,192.168.2.5,10.0.0.101,guest,Workstation123,system-restart,System restart: Reason4,informational,0.3
Bangalore,2023-09-17T00:56,10.1.1.1,192.168.0.2,admin,ServerABC,system-failure,Critical system failure: Error message: 25,critical,0.37
Bangalore,2023-09-18T02:43,10.0.0.100,172.16.1.101,admin,Workstation123,firewall-change,Firewall rule change: Port 24407 opened for IP 10.0.0.100,error,0.3
Bangalore,2023-09-13T15:44,10.0.0.2,192.168.0.3,user123,Workstation123,system-failure,Critical system failure: Error message: 48,critical,0.37
Bangalore,2023-09-17T09:31,172.16.0.10,10.10.10.20,guest,DeviceXYZ,software-update,Software update: Software1 updated to version v3,critical,0.27
Bangalore,2023-09-16T11:41,10.10.10.10,192.168.10.6,user123,Workstation123,application-usage,User 'user123' used application 'App3',critical,0.13
Bangalore,2023-09-13T16:29,192.168.2.5,192.168.2.6,anonymous,ServerABC,auth-success,Successful login for user 'anonymous' from IP 192.168.2.5,error,0.1
Bangalore,2023-09-13T00:29,206.157.121.63,220.191.254.6,admin,Workstation123,auth-lockout,User 'admin' locked out after multiple failed login attempts from IP 206.157.121.63,warning,0.9
Bangalore,2023-09-14T11:43,192.168.1.100,172.16.1.101,admin,ServerABC,auth-lockout,User 'admin' locked out after multiple failed login attempts from IP 192.168.1.100,warning,0.37
Bangalore,2023-09-15T03:24,192.168.10.5,192.168.0.3,admin,Workstation123,auth-success,Successful login for user 'admin' from IP 192.168.10.5,error,0.1
Bangalore,2023-09-16T01:04,192.168.2.5,10.0.0.3,anonymous,DeviceXYZ,system-shutdown,System shutdown: Reason1,warning,0.33
Bangalore,2023-09-16T08:33,192.168.1.100,10.10.10.20,admin,DeviceXYZ,software-update,Software update: Software8 updated to version v2,informational,0.27
Bangalore,2023-09-18T05:47,172.16.1.100,192.168.2.6,guest,ServerABC,network-connected,Device 'ServerABC' connected to the network at IP 172.16.1.100,error,0.13
Bangalore,2023-09-12T18:00,10.1.1.1,10.10.10.20,guest,ServerABC,application-usage,User 'guest' used application 'App5',critical,0.13
Bangalore,2023-09-15T02:08,172.16.0.10,192.168.10.6,guest,ServerABC,auth-success,Successful login for user 'guest' from IP 172.16.0.10,warning,0.1
Bangalore,2023-09-18T06:34,192.168.0.1,172.16.1.101,guest,Workstation123,file-access,File access: Write to file '/path/to/file295.txt' by user 'guest' from IP 192.168.0.1,critical,0.23
Bangalore,2023-09-15T11:32,193.114.22.212,219.165.77.160,admin,DeviceXYZ,system-restart,System restart: Reason6,informational,0.83
Bangalore,2023-09-13T09:13,192.168.0.1,10.1.1.2,user123,ServerABC,file-access,File access: Delete to file '/path/to/file146.txt' by user 'user123' from IP 192.168.0.1,informational,0.23
Bangalore,2023-09-16T18:31,192.168.10.5,172.16.0.20,guest,ServerABC,software-update,Software update: Software10 updated to version v2,warning,0.27
Bangalore,2023-09-14T05:19,10.10.10.10,10.1.1.2,admin,Workstation123,system-restart,System restart: Reason5,warning,0.3
Bangalore,2023-09-13T04:50,172.16.0.10,192.168.0.3,guest,Workstation123,system-restart,System restart: Reason4,informational,0.3
Bangalore,2023-09-13T09:47,192.168.1.100,172.16.1.101,user123,Workstation123,network-connected,Device 'Workstation123' connected to the network at IP 192.168.1.100,error,0.13
Bangalore,2023-09-17T01:01,10.0.0.100,192.168.0.2,anonymous,Workstation123,file-access,File access: Write to file '/path/to/file743.txt' by user 'anonymous' from IP 10.0.0.100,error,0.23
Bangalore,2023-09-13T20:32,10.1.1.1,10.10.10.20,user123,DeviceXYZ,dns-queries,DNS query from IP 10.1.1.1 for domain 'example465.com',critical,0.17
Bangalore,2023-09-18T12:09,192.168.10.5,172.16.1.101,anonymous,ServerABC,api-called,API called: API2 from IP 192.168.10.5,informational,0.2
Bangalore,2023-09-15T05:08,10.0.0.100,192.168.0.2,anonymous,Workstation123,auth-failed,Failed login attempt for user 'anonymous' from IP 10.0.0.100,informational,0.33
Bangalore,2023-09-14T11:38,10.1.1.1,192.168.10.6,anonymous,ServerABC,application-usage,User 'anonymous' used application 'App5',warning,0.13
Bangalore,2023-09-18T11:13,192.168.2.5,172.16.0.20,admin,DeviceXYZ,system-restart,System restart: Reason3,informational,0.3
Bangalore,2023-09-16T00:16,172.16.1.100,10.10.10.20,admin,Workstation123,software-update,Software update: Software8 updated to version v1,informational,0.27
Bangalore,2023-09-12T20:16,103.170.74.210,51.208.46.253,admin,DeviceXYZ,network-connected,Device 'DeviceXYZ' connected to the network at IP 103.170.74.210,warning,0.67
Bangalore,2023-09-14T04:48,172.16.1.100,192.168.0.2,guest,Workstation123,network-disconnected,Device 'Workstation123' disconnected from the network at IP 172.16.1.100,error,0.13
Bangalore,2023-09-16T18:02,10.1.1.1,192.168.0.3,anonymous,Workstation123,dns-queries,DNS query from IP 10.1.1.1 for domain 'example3.com',critical,0.17
Bangalore,2023-09-16T19:50,172.16.0.10,10.10.10.20,guest,DeviceXYZ,system-restart,System restart: Reason10,error,0.3
Bangalore,2023-09-13T09:59,192.168.1.100,172.16.0.20,anonymous,DeviceXYZ,application-errors,Application error: Error message: 72,error,0.27
Bangalore,2023-09-13T17:35,10.0.0.100,10.1.1.2,admin,ServerABC,auth-failed,Failed login attempt for user 'admin' from IP 10.0.0.100,informational,0.33
Bangalore,2023-09-13T14:12,192.168.1.100,192.168.0.3,user123,Workstation123,file-access,File access: Write to file '/path/to/file896.txt' by user 'user123' from IP 192.168.1.100,error,0.23
Bangalore,2023-09-15T17:19,192.168.0.1,172.16.1.101,anonymous,Workstation123,permission-changes,User 'anonymous' changed permissions for file '/path/to/file795.txt',warning,0.17
Bangalore,2023-09-15T15:31,10.0.0.2,192.168.2.6,user123,DeviceXYZ,application-errors,Application error: Error message: 90,informational,0.27
Bangalore,2023-09-15T16:28,205.94.17.180,100.11.40.56,guest,ServerABC,api-called,API called: API3 from IP 205.94.17.180,error,0.73
Bangalore,2023-09-13T15:10,10.0.0.100,172.16.0.20,anonymous,Workstation123,network-connected,Device 'Workstation123' connected to the network at IP 10.0.0.100,informational,0.13
Bangalore,2023-09-16T02:56,192.168.1.100,192.168.10.6,guest,DeviceXYZ,malware-detection,Malware detected: File 'file558.txt' found on device 'DeviceXYZ',error,0.37
Bangalore,2023-09-16T16:57,10.0.0.2,10.0.0.3,guest,DeviceXYZ,file-access,File access: Delete to file '/path/to/file453.txt' by user 'guest' from IP 10.0.0.2,error,0.23
Bangalore,2023-09-18T11:59,84.138.125.54,182.101.164.226,anonymous,Workstation123,software-update,Software update: Software8 updated to version v4,informational,0.8
Bangalore,2023-09-13T22:18,172.16.1.100,192.168.2.6,user123,DeviceXYZ,malware-detection,Malware detected: File 'file853.txt' found on device 'DeviceXYZ',informational,0.37
Bangalore,2023-09-15T21:50,10.0.0.2,192.168.0.2,admin,ServerABC,auth-success,Successful login for user 'admin' from IP 10.0.0.2,warning,0.1
Bangalore,2023-09-16T19:34,172.16.0.10,172.16.1.101,user123,Workstation123,software-update,Software update: Software1 updated to version v2,error,0.27
Bangalore,2023-09-17T10:03,87.94.144.143,239.19.87.102,admin,ServerABC,network-connected,Device 'ServerABC' connected to the network at IP 87.94.144.143,warning,0.67
Bangalore,2023-09-12T15:33,192.168.2.5,192.168.2.6,admin,DeviceXYZ,software-update,Software update: Software6 updated to version v5,informational,0.27
Bangalore,2023-09-18T08:52,10.1.1.1,192.168.10.6,admin,ServerABC,system-shutdown,System shutdown: Reason4,critical,0.33
Bangalore,2023-09-18T00:00,192.168.0.1,10.0.0.3,admin,DeviceXYZ,network-connected,Device 'DeviceXYZ' connected to the network at IP 192.168.0.1,critical,0.13
Bangalore,2023-09-13T15:43,192.168.2.5,172.16.0.20,guest,DeviceXYZ,malware-detection,Malware detected: File 'file694.txt' found on device 'DeviceXYZ',warning,0.37
Bangalore,2023-09-15T21:15,192.168.2.5,10.0.0.3,anonymous,DeviceXYZ,auth-failed,Failed login attempt for user 'anonymous' from IP 192.168.2.5,warning,0.33
Bangalore,2023-09-14T12:48,246.222.235.211,107.170.22.161,admin,DeviceXYZ,file-access,File access: Delete to file '/path/to/file145.txt' by user 'admin' from IP 246.222.235.211,warning,0.77
Bangalore,2023-09-13T08:49,172.16.0.10,10.1.1.2,admin,ServerABC,system-failure,Critical system failure: Error message: 62,error,0.37
Bangalore,2023-09-13T10:12,30.95.117.32,120.186.15.135,admin,ServerABC,software-update,Software update: Software5 updated to version v3,critical,0.8
Bangalore,2023-09-13T18:45,192.168.0.1,172.16.0.20,guest,Workstation123,auth-success,Successful login for user 'guest' from IP 192.168.0.1,informational,0.1
Bangalore,2023-09-15T10:41,192.168.0.1,10.0.0.3,anonymous,ServerABC,network-connected,Device 'ServerABC' connected to the network at IP 192.168.0.1,warning,0.13
Bangalore,2023-09-17T06:28,192.168.2.5,192.168.2.6,guest,DeviceXYZ,software-update,Software update: Software1 updated to version v2,warning,0.27
Bangalore,2023-09-12T21:16,10.29.156.107,76.247.115.172,guest,ServerABC,application-usage,User 'guest' used application 'App10',error,0.67
Bangalore,2023-09-14T03:08,10.10.10.10,172.16.0.20,user123,DeviceXYZ,application-errors,Application error: Error message: 18,critical,0.27
Bangalore,2023-09-17T23:50,10.1.1.1,10.0.0.3,guest,ServerABC,software-update,Software update: Software10 updated to version v3,informational,0.27
Bangalore,2023-09-14T15:22,192.168.10.5,10.0.0.3,anonymous,Workstation123,network-disconnected,Device 'Workstation123' disconnected from the network at IP 192.168.10.5,informational,0.13
Bangalore,2023-09-13T22:38,192.168.0.1,172.16.0.20,anonymous,DeviceXYZ,system-failure,Critical system failure: Error message: 2,informational,0.37
Bangalore,2023-09-17T06:19,172.16.0.10,192.168.0.3,anonymous,Workstation123,firewall-change,Firewall rule change: Port 42243 opened for IP 172.16.0.10,informational,0.3
Bangalore,2023-09-13T03:17,10.0.0.100,10.0.0.3,admin,Workstation123,permission-changes,User 'admin' changed permissions for file '/path/to/file78.txt',error,0.17
Bangalore,2023-09-17T20:53,10.208.135.76,73.234.68.141,anonymous,DeviceXYZ,network-connected,Device 'DeviceXYZ' connected to the network at IP 10.208.135.76,informational,0.67
Bangalore,2023-09-13T22:25,192.168.10.5,192.168.10.6,admin,ServerABC,system-shutdown,System shutdown: Reason1,warning,0.33
Bangalore,2023-09-14T01:40,87.202.100.245,135.151.112.132,guest,DeviceXYZ,system-restart,System restart: Reason10,critical,0.83
Bangalore,2023-09-16T08:16,10.0.0.100,192.168.0.2,user123,ServerABC,network-disconnected,Device 'ServerABC' disconnected from the network at IP 10.0.0.100,informational,0.13
Bangalore,2023-09-14T22:48,10.10.10.10,192.168.2.6,guest,ServerABC,network-connected,Device 'ServerABC' connected to the network at IP 10.10.10.10,error,0.13
Bangalore,2023-09-17T15:56,112.191.254.245,46.197.83.144,user123,Workstation123,file-access,File access: Read to file '/path/to/file477.txt' by user 'user123' from IP 112.191.254.245,warning,0.77
Bangalore,2023-09-16T01:41,10.0.0.100,192.168.0.2,anonymous,ServerABC,file-access,File access: Write to file '/path/to/file598.txt' by user 'anonymous' from IP 10.0.0.100,error,0.23
Bangalore,2023-09-14T05:37,192.168.1.100,192.168.0.3,anonymous,DeviceXYZ,system-shutdown,System shutdown: Reason3,warning,0.33
Bangalore,2023-09-13T13:26,192.168.1.100,172.16.1.101,admin,DeviceXYZ,auth-success,Successful login for user 'admin' from IP 192.168.1.100,informational,0.1
Bangalore,2023-09-18T12:08,10.10.10.10,10.0.0.101,admin,Workstation123,network-disconnected,Device 'Workstation123' disconnected from the network at IP 10.10.10.10,critical,0.13
Bangalore,2023-09-18T05:36,192.168.1.100,172.16.0.20,admin,Workstation123,malware-detection,Malware detected: File 'file105.txt' found on device 'Workstation123',error,0.37
Bangalore,2023-09-17T05:02,172.16.1.100,172.16.0.20,user123,ServerABC,malware-detection,Malware detected: File 'file781.txt' found on device 'ServerABC',informational,0.37
Bangalore,2023-09-15T12:50,192.168.0.1,192.168.0.3,anonymous,DeviceXYZ,malware-detection,Malware detected: File 'file260.txt' found on device 'DeviceXYZ',warning,0.37
Bangalore,2023-09-15T18:01,10.10.10.10,192.168.2.6,admin,ServerABC,api-called,API called: API1 from IP 10.10.10.10,warning,0.2
Bangalore,2023-09-16T19:21,62.123.72.143,192.75.186.213,anonymous,ServerABC,api-called,API called: API4 from IP 62.123.72.143,warning,0.73
Bangalore,2023-09-15T18:04,10.1.1.1,192.168.10.6,admin,DeviceXYZ,network-connected,Device 'DeviceXYZ' connected to the network at IP 10.1.1.1,critical,0.13
Bangalore,2023-09-18T08:56,192.168.0.1,10.1.1.2,user123,Workstation123,permission-changes,User 'user123' changed permissions for file '/path/to/file32.txt',critical,0.17
Bangalore,2023-09-14T12:38,192.168.1.100,10.0.0.3,anonymous,Workstation123,permission-changes,User 'anonymous' changed permissions for file '/path/to/file829.txt',warning,0.17
Bangalore,2023-09-13T14:44,172.16.1.100,192.168.10.6,guest,Workstation123,api-called,API called: API3 from IP 172.16.1.100,error,0.2
Bangalore,2023-09-18T02:00,192.168.10.5,172.16.0.20,guest,ServerABC,system-shutdown,System shutdown: Reason4,critical,0.33
Bangalore,2023-09-17T10:45,192.168.1.100,172.16.1.101,anonymous,ServerABC,system-restart,System restart: Reason2,warning,0.3
Bangalore,2023-09-14T17:48,192.168.10.5,10.0.0.101,guest,Workstation123,system-restart,System restart: Reason10,critical,0.3
Bangalore,2023-09-16T09:31,115.137.108.208,198.52.230.45,user123,Workstation123,software-update,Software update: Software7 updated to version v4,informational,0.8
Bangalore,2023-09-12T23:24,172.16.1.100,10.1.1.2,user123,ServerABC,permission-changes,User 'user123' changed permissions for file '/path/to/file723.txt',error,0.17
Bangalore,2023-09-16T09:00,41.189.246.178,64.210.180.154,admin,ServerABC,auth-lockout,User 'admin' locked out after multiple failed login attempts from IP 41.189.246.178,warning,0.9
Bangalore,2023-09-18T03:08,172.16.0.10,10.0.0.3,guest,Workstation123,auth-success,Successful login for user 'guest' from IP 172.16.0.10,error,0.1
Bangalore,2023-09-16T01:54,192.168.2.5,10.10.10.20,guest,Workstation123,permission-changes,User 'guest' changed permissions for file '/path/to/file109.txt',error,0.17
Bangalore,2023-09-18T11:37,192.168.10.5,10.1.1.2,admin,Workstation123,permission-changes,User 'admin' changed permissions for file '/path/to/file70.txt',warning,0.17
Bangalore,2023-09-16T05:25,10.1.1.1,10.10.10.20,guest,Workstation123,network-disconnected,Device 'Workstation123' disconnected from the network at IP 10.1.1.1,error,0.13
Bangalore,2023-09-16T00:34,192.168.10.5,192.168.10.6,admin,ServerABC,firewall-change,Firewall rule change: Port 49551 opened for IP 192.168.10.5,warning,0.3
Bangalore,2023-09-13T05:11,192.168.0.1,10.0.0.101,admin,DeviceXYZ,network-connected,Device 'DeviceXYZ' connected to the network at IP 192.168.0.1,informational,0.13
Bangalore,2023-09-18T10:47,192.168.2.5,192.168.0.3,anonymous,ServerABC,network-connected,Device 'ServerABC' connected to the network at IP 192.168.2.5,error,0.13
Bangalore,2023-09-17T12:19,10.0.0.100,10.1.1.2,guest,ServerABC,system-failure,Critical system failure: Error message: 98,critical,0.37
Bangalore,2023-09-17T20:09,172.16.0.10,10.1.1.2,anonymous,ServerABC,system-shutdown,System shutdown: Reason1,warning,0.33
Bangalore,2023-09-17T06:26,200.216.187.134,178.141.114.24,admin,ServerABC,application-errors,Application error: Error message: 94,error,0.8
Bangalore,2023-09-12T20:41,192.168.10.5,192.168.0.3,guest,DeviceXYZ,auth-lockout,User 'guest' locked out after multiple failed login attempts from IP 192.168.10.5,informational,0.37
Bangalore,2023-09-12T14:52,172.16.0.10,10.0.0.3,anonymous,ServerABC,application-errors,Application error: Error message: 16,error,0.27
Bangalore,2023-09-16T01:52,172.16.0.10,10.1.1.2,admin,ServerABC,system-failure,Critical system failure: Error message: 25,critical,0.37
Bangalore,2023-09-18T09:11,192.168.10.5,192.168.0.2,guest,Workstation123,auth-success,Successful login for user 'guest' from IP 192.168.10.5,critical,0.1
Bangalore,2023-09-17T07:09,101.14.4.69,43.33.2.240,guest,DeviceXYZ,network-connected,Device 'DeviceXYZ' connected to the network at IP 101.14.4.69,informational,0.67
Bangalore,2023-09-16T21:44,10.0.0.100,172.16.0.20,user123,DeviceXYZ,network-connected,Device 'DeviceXYZ' connected to the network at IP 10.0.0.100,critical,0.13
Bangalore,2023-09-16T15:40,172.16.0.10,192.168.0.3,admin,DeviceXYZ,file-access,File access: Delete to file '/path/to/file485.txt' by user 'admin' from IP 172.16.0.10,error,0.23
Bangalore,2023-09-14T10:51,192.168.10.5,10.0.0.3,admin,DeviceXYZ,application-errors,Application error: Error message: 52,warning,0.27
Bangalore,2023-09-13T15:16,172.16.1.100,192.168.2.6,anonymous,DeviceXYZ,system-failure,Critical system failure: Error message: 47,warning,0.37
Bangalore,2023-09-15T04:45,172.16.0.10,10.0.0.101,user123,ServerABC,system-shutdown,System shutdown: Reason8,critical,0.33
Bangalore,2023-09-15T03:29,10.10.10.10,10.0.0.101,user123,ServerABC,api-called,API called: API4 from IP 10.10.10.10,critical,0.2
Bangalore,2023-09-16T01:47,10.10.10.10,10.10.10.20,user123,Workstation123,file-access,File access: Delete to file '/path/to/file862.txt' by user 'user123' from IP 10.10.10.10,critical,0.23
Bangalore,2023-09-15T13:20,28.40.204.19,123.35.25.9,anonymous,ServerABC,software-update,Software update: Software6 updated to version v2,informational,0.8
Bangalore,2023-09-15T15:51,172.16.1.100,192.168.0.3,guest,DeviceXYZ,malware-detection,Malware detected: File 'file620.txt' found on device 'DeviceXYZ',critical,0.37
Bangalore,2023-09-14T07:29,10.0.0.2,192.168.2.6,anonymous,DeviceXYZ,application-usage,User 'anonymous' used application 'App2',error,0.13
Bangalore,2023-09-15T15:07,10.0.0.2,192.168.0.2,admin,ServerABC,system-failure,Critical system failure: Error message: 3,informational,0.37
Bangalore,2023-09-18T08:00,172.16.1.100,10.0.0.3,user123,ServerABC,software-update,Software update: Software3 updated to version v5,informational,0.27
Bangalore,2023-09-16T20:27,172.16.0.10,192.168.10.6,anonymous,Workstation123,software-update,Software update: Software7 updated to version v1,warning,0.27
Bangalore,2023-09-16T22:10,10.0.0.100,192.168.0.3,guest,DeviceXYZ,firewall-change,Firewall rule change: Port 62926 opened for IP 10.0.0.100,warning,0.3
Bangalore,2023-09-16T21:07,192.168.1.100,10.1.1.2,anonymous,DeviceXYZ,permission-changes,User 'anonymous' changed permissions for file '/path/to/file853.txt',warning,0.17
Bangalore,2023-09-15T10:05,10.10.10.10,10.10.10.20,admin,Workstation123,application-errors,Application error: Error message: 73,informational,0.27
Bangalore,2023-09-15T11:40,192.168.10.5,10.0.0.3,admin,DeviceXYZ,api-called,API called: API5 from IP 192.168.10.5,error,0.2
Bangalore,2023-09-12T20:43,172.16.1.100,192.168.0.2,anonymous,ServerABC,file-access,File access: Read to file '/path/to/file893.txt' by user 'anonymous' from IP 172.16.1.100,error,0.23
Bangalore,2023-09-15T10:45,192.168.0.1,192.168.2.6,anonymous,Workstation123,auth-lockout,User 'anonymous' locked out after multiple failed login attempts from IP 192.168.0.1,informational,0.37
Bangalore,2023-09-13T08:04,10.0.0.100,10.0.0.3,anonymous,Workstation123,dns-queries,DNS query from IP 10.0.0.100 for domain 'example858.com',warning,0.17
Bangalore,2023-09-18T03:08,10.10.10.10,10.1.1.2,admin,ServerABC,api-called,API called: API1 from IP 10.10.10.10,critical,0.2
Bangalore,2023-09-17T19:56,192.168.1.100,10.0.0.101,guest,Workstation123,system-shutdown,System shutdown: Reason8,informational,0.33
Bangalore,2023-09-13T12:16,248.244.223.132,91.83.16.170,user123,Workstation123,malware-detection,Malware detected: File 'file466.txt' found on device 'Workstation123',error,0.9
Bangalore,2023-09-12T21:20,192.168.0.1,192.168.10.6,admin,DeviceXYZ,system-shutdown,System shutdown: Reason10,warning,0.33
Bangalore,2023-09-14T02:45,192.168.0.1,172.16.1.101,admin,DeviceXYZ,api-called,API called: API3 from IP 192.168.0.1,warning,0.2
Bangalore,2023-09-18T03:15,172.16.1.100,10.1.1.2,user123,ServerABC,system-shutdown,System shutdown: Reason7,error,0.33
Bangalore,2023-09-13T13:45,10.1.1.1,192.168.0.2,user123,ServerABC,api-called,API called: API1 from IP 10.1.1.1,critical,0.2
Bangalore,2023-09-14T03:34,10.0.0.2,10.10.10.20,user123,DeviceXYZ,system-shutdown,System shutdown: Reason7,informational,0.33
Bangalore,2023-09-14T15:53,10.0.0.100,10.0.0.101,user123,DeviceXYZ,firewall-change,Firewall rule change: Port 32685 opened for IP 10.0.0.100,critical,0.3
Bangalore,2023-09-13T03:07,10.1.1.1,192.168.0.2,admin,DeviceXYZ,auth-success,Successful login for user 'admin' from IP 10.1.1.1,warning,0.1
Bangalore,2023-09-18T09:21,192.168.0.1,172.16.1.101,user123,Workstation123,system-restart,System restart: Reason5,informational,0.3
Bangalore,2023-09-15T02:56,192.168.2.5,172.16.1.101,admin,ServerABC,auth-lockout,User 'admin' locked out after multiple failed login attempts from IP 192.168.2.5,error,0.37
Bangalore,2023-09-18T10:29,192.168.2.5,192.168.10.6,anonymous,DeviceXYZ,auth-success,Successful login for user 'anonymous' from IP 192.168.2.5,informational,0.1
Bangalore,2023-09-17T04:53,192.168.1.100,10.10.10.20,guest,Workstation123,permission-changes,User 'guest' changed permissions for file '/path/to/file285.txt',warning,0.17
Bangalore,2023-09-17T10:31,192.168.0.1,10.1.1.2,anonymous,ServerABC,auth-success,Successful login for user 'anonymous' from IP 192.168.0.1,critical,0.1
Bangalore,2023-09-12T18:27,192.168.2.5,10.1.1.2,user123,DeviceXYZ,auth-lockout,User 'user123' locked out after multiple failed login attempts from IP 192.168.2.5,critical,0.37
Bangalore,2023-09-13T12:38,10.10.10.10,192.168.2.6,admin,ServerABC,malware-detection,Malware detected: File 'file98.txt' found on device 'ServerABC',informational,0.37
